epoch,lr,train_loss,train_top1,train_top3,val_loss,val_top1,val_top3,val_macro_recall,seconds
1,0.0001,3.2222230997118917,0.29829545454545453,0.4735576923076923,2.187033344617142,0.5434198746642793,0.76544315129812,0.514357301870459,144.66684460639954
2,9.97315728730454e-05,2.100981101289496,0.573208041958042,0.7923951048951049,1.8014434386068086,0.657117278424351,0.8495971351835273,0.6403998123104698,120.7493884563446
3,9.892923243595648e-05,1.7613360556689175,0.6628059440559441,0.8607954545454546,1.6582778090329287,0.6982990152193375,0.8594449418084154,0.6889506286962608,120.11160469055176
4,9.760176929846254e-05,1.564983963341146,0.729458041958042,0.9012237762237763,1.6053937094597914,0.7188898836168308,0.8710832587287377,0.7250823528539315,120.04628229141235
5,9.576372742448745e-05,1.408730916209988,0.7790646853146853,0.930506993006993,1.4816806877737292,0.7502238137869293,0.9042076991942704,0.7494966042139086,120.15977334976196
6,9.343524478543751e-05,1.3177011286045288,0.8070367132867133,0.9438374125874126,1.4461734743126824,0.7573858549686661,0.9203222918531782,0.7596513676858473,119.59170436859131
7,9.064183272437244e-05,1.2380413829863488,0.8277972027972028,0.9591346153846154,1.394145124387613,0.7851387645478961,0.9212175470008953,0.7862445583724456,119.48996186256409
8,8.741409644839232e-05,1.1627399854726725,0.8538024475524476,0.9685314685314685,1.3896072058135522,0.7770814682184423,0.9239033124440466,0.7736695317353157,119.48343133926392
9,8.378739971158405e-05,1.107517629236608,0.8725961538461539,0.9704982517482518,1.3884431945498543,0.7735004476275739,0.9355416293643688,0.7748518479404363,119.45378184318542
10,7.980147736233119e-05,1.0466467494314367,0.8935751748251748,0.9781468531468531,1.3447566471040089,0.7976723366159355,0.9355416293643688,0.7956236197894165,122.27600288391113
11,7.55e-05,1.028311710674446,0.8972902097902098,0.9777097902097902,1.375453691932914,0.7878245299910475,0.9221128021486124,0.7856406040987558,122.80176591873169
12,7.093009551071422e-05,0.9801712090318854,0.9117132867132867,0.9849213286713286,1.3449007551800276,0.8012533572068039,0.9310653536257834,0.7943412026171359,122.78923225402832
13,6.614183272437242e-05,0.9689902081772997,0.9149912587412588,0.9840472027972028,1.348113250657716,0.7949865711727843,0.9292748433303492,0.794035193156748,123.04257845878601
14,6.11876728500702e-05,0.9339994608939111,0.9344405594405595,0.9884178321678322,1.3436833908222783,0.7994628469113697,0.9328558639212176,0.8006577377114634,122.38475346565247
15,5.612189470011502e-05,0.906546092741973,0.9379370629370629,0.9881993006993007,1.3254010061547494,0.8182632050134289,0.928379588182632,0.809464162918178,119.45099592208862
16,5.1000000000000006e-05,0.8755002682442432,0.9490821678321678,0.9921328671328671,1.368549631660072,0.7967770814682185,0.9239033124440466,0.798201890172874,119.49574518203735
17,4.5878105299884985e-05,0.8700944729201443,0.9479895104895105,0.9906031468531469,1.3392000329099603,0.8075201432408237,0.9230080572963295,0.8083291583530496,119.47643661499023
18,4.081232714992979e-05,0.8492837717066278,0.9556381118881119,0.9906031468531469,1.3659619582798614,0.7994628469113697,0.9265890778871978,0.7951996228601111,119.36153650283813
19,3.585816727562758e-05,0.8257714630840541,0.9613199300699301,0.9925699300699301,1.3355753363085945,0.8128916741271263,0.928379588182632,0.8074720383742943,120.22657704353333
20,3.106990448928579e-05,0.8104516720021522,0.965472027972028,0.9945367132867133,1.3510174266760544,0.8030438675022381,0.9301700984780662,0.7938840753717513,122.6756694316864
21,2.6500000000000014e-05,0.8091430791191287,0.9667832167832168,0.9936625874125874,1.3286330281567553,0.8272157564905999,0.9310653536257834,0.8172365930352468,120.32889127731323
22,2.2198522637668827e-05,0.7950338298207397,0.9702797202797203,0.9958479020979021,1.3498683674269312,0.8084153983885407,0.9319606087735004,0.8066285740450101,118.66514778137207
23,1.8212600288415968e-05,0.7918913456109854,0.9729020979020979,0.9934440559440559,1.326711170408698,0.8155774395702775,0.9391226499552372,0.8093161140502108,118.41935777664185
24,1.4585903551607693e-05,0.772627771317542,0.9770541958041958,0.996722027972028,1.323164521527269,0.8209489704565801,0.936436884512086,0.817794824096522,119.54865193367004
25,1.1358167275627586e-05,0.7838736299451414,0.975743006993007,0.9958479020979021,1.328263054602682,0.8128916741271263,0.9310653536257834,0.8074136571822134,121.47816109657288
26,8.564755214562507e-06,0.7725053940202806,0.9737762237762237,0.9954108391608392,1.3294119609181327,0.8209489704565801,0.9337511190689346,0.8156686003620763,121.407630443573
27,6.236272575512554e-06,0.761639806357297,0.9807692307692307,0.9958479020979021,1.32440381313715,0.8164726947179947,0.9337511190689346,0.8089244077232225,121.30170130729675
28,4.398230701537478e-06,0.7606519554461633,0.9790209790209791,0.9965034965034965,1.3252477030083871,0.8164726947179947,0.9346463742166518,0.8077892403745025,121.52689743041992
